"NodeId","TestId","avgRSS","sdRSS","n.det","distance","NodeUTMx","NodeUTMy","TestUTMx","TestUTMy"
"339E4D","1",-107.444444444444,1.66666666666667,9,857.375646959954,473336,3457595,472943,3456833
"339E4D","2",-106.4,0.894427190999916,5,866.319225228207,473336,3457595,472939,3456825
"339E4D","3",-104.454545454545,1.57249078621379,11,875.673455118973,473336,3457595,472938,3456815
"339E4D","10",-109.8,0.836660026534076,5,960.377009304159,473336,3457595,472956,3456713
"339E4D","11",-109,1,3,932.619965473611,473336,3457595,472980,3456733
"339E4D","19",-100.909090909091,0.539359889970594,11,734.036783819449,473336,3457595,472865,3457032
"339E4D","20",-103,0,3,704.040481790643,473336,3457595,472899,3457043
"339E4D","24",-101.083333333333,0.668557923421521,12,651.079872212312,473336,3457595,473065,3457003
"339E4D","28",-109.428571428571,0.534522483824849,7,586.962520098175,473336,3457595,473019,3457101
"339E4D","29",-107,2.64575131106459,3,626.906691621648,473336,3457595,472940,3457109
"339E4D","33",-102.3,2.21359436211787,10,641.393015241046,473336,3457595,472877,3457147
"339E4D","37",-79.0833333333333,0.90033663737852,12,182.222391598837,473336,3457595,473198,3457476
"339E4D","44",-90.5833333333333,7.62124224344912,12,144.779142144164,473336,3457595,473480,3457580
"339E4D","45",-75.4166666666667,1.08362466945083,12,138.9172415505,473336,3457595,473473,3457572
"339E4D","46",-86.5833333333333,1.44337567297406,12,121.840059093879,473336,3457595,473450,3457552
"339E4D","52",-78.75,0.621581560508061,12,120.353645561736,473336,3457595,473217,3457613
"339E4D","55",-76.0909090909091,0.539359889970594,11,108.466584716216,473336,3457595,473265,3457677
"339E4D","58",-75.5833333333333,0.996204919895622,12,143.125818774951,473336,3457595,473330,3457738
"339E4D","65",-103,2.67261241912424,8,267.434104033124,473336,3457595,473372,3457860
"339E4D","66",-97.5,1.38169855941551,12,270.120343550796,473336,3457595,473383,3457861
"339E4D","70",-104.333333333333,2.3094010767585,12,365.246492111834,473336,3457595,473453,3457941
"339E4D","71",-97.9090909090909,0.943879807448539,11,379.005277008118,473336,3457595,473338,3457974
"339E4D","80",-93.8333333333333,1.11464085804543,12,296.006756679641,473336,3457595,473448,3457869
"339E4D","86",-77,0.666666666666667,10,114.017542509914,473336,3457595,473306,3457485
"339E4D","88",-60.6666666666667,0.492365963917331,12,77.8267306264371,473336,3457595,473300,3457526
"339E4D","94",-93,1.61245154965971,11,482.901646300776,473336,3457595,473073,3457190
"339E4D","96",-96,0.447213595499958,11,536.981377703175,473336,3457595,473043,3457145
"339E4D","103",-105.714285714286,0.951189731211342,7,844.064570989684,473336,3457595,472878,3456886
"339E4D","107",-100,0.816496580927726,4,735.158486314346,473336,3457595,472969,3456958
"339E4D","108",-105.166666666667,0.834847109936722,12,722.875507954171,473336,3457595,472961,3456977
"339E4D","114",-99.6363636363636,0.80903983495589,11,540.948241516691,473336,3457595,472956,3457210
"339E4D","118",-107,3.09838667696593,6,867.202975087148,473336,3457595,472957,3456815
"339E4D","120",-105,1.15470053837925,7,856.432717730938,473336,3457595,473015,3456801
"339E4D","121",-103.714285714286,2.42997158517582,7,839.772588264228,473336,3457595,473043,3456808
"339FBA","1",-107.444444444444,1.50923085635624,9,928.900425234051,473209,3457723,472943,3456833
"339FBA","2",-101.1,4.84079883214882,10,937.712109338469,473209,3457723,472939,3456825
"339FBA","3",-100.083333333333,1.56427928995103,12,947.578492790967,473209,3457723,472938,3456815
"339FBA","10",-104,1.4142135623731,6,1041.20555127218,473209,3457723,472956,3456713
"339FBA","11",-100.25,1.42222616792382,12,1016.14024622588,473209,3457723,472980,3456733
"339FBA","19",-98.3636363636364,0.924416277737175,11,771.891831800285,473209,3457723,472865,3457032
"339FBA","20",-102.2,5.89067059000926,5,747.328575661335,473209,3457723,472899,3457043
"339FBA","24",-99.25,1.21543108701099,12,734.258809957361,473209,3457723,473065,3457003
"339FBA","28",-105.818181818182,0.750757193529548,11,650.372201127939,473209,3457723,473019,3457101
"339FBA","29",-104.363636363636,2.29227953237502,11,670.340958020618,473209,3457723,472940,3457109
"339FBA","33",-109,NA,1,664.830805543786,473209,3457723,472877,3457147
"339FBA","37",-88.5833333333333,3.17542648054294,12,247.244817943673,473209,3457723,473198,3457476
"339FBA","44",-107.4,3.97492138287036,5,306.414751603117,473209,3457723,473480,3457580
"339FBA","45",-106.75,1.83225076262581,8,304.133194505302,473209,3457723,473473,3457572
"339FBA","46",-102,1.20604537831105,12,295.502961068075,473209,3457723,473450,3457552
"339FBA","52",-78.8333333333333,0.834847109936722,12,110.290525431698,473209,3457723,473217,3457613
"339FBA","55",-78.7272727272727,0.904534033733291,11,72.4706837279737,473209,3457723,473265,3457677
"339FBA","58",-83,2.19089023002066,11,121.926207191071,473209,3457723,473330,3457738
"339FBA","65",-80.25,1.13818036595899,12,212.927217612028,473209,3457723,473372,3457860
"339FBA","66",-75,1.53741222957161,12,222.081066279861,473209,3457723,473383,3457861
"339FBA","70",-88.75,3.51942660619079,12,327.200244498686,473209,3457723,473453,3457941
"339FBA","71",-75,0,12,282.209142304072,473209,3457723,473338,3457974
"339FBA","80",-81.7,0.674948557710553,10,280.066063634993,473209,3457723,473448,3457869
"339FBA","86",-84.1818181818182,0.404519917477945,11,257.007781983348,473209,3457723,473306,3457485
"339FBA","88",-90,4.32750190378615,12,217.002304135233,473209,3457723,473300,3457526
"339FBA","94",-89.7,1.05934990547138,10,550.077267299786,473209,3457723,473073,3457190
"339FBA","96",-96.3636363636364,0.674199862463242,11,601.365113720442,473209,3457723,473043,3457145
"339FBA","103",-96.2727272727273,2.64918512342604,11,900.072219324649,473209,3457723,472878,3456886
"339FBA","107",-102.363636363636,0.504524979109513,11,801.763680893566,473209,3457723,472969,3456958
"339FBA","108",-98.6666666666667,0.778498944161523,12,786.142480724709,473209,3457723,472961,3456977
"339FBA","114",-89.75,0.621581560508061,12,571.99475522071,473209,3457723,472956,3457210
"339FBA","118",-100.25,4.80327269384412,8,942.320539943813,473209,3457723,472957,3456815
"339FBA","120",-100.9,4.43345864484553,10,942.188940712,473209,3457723,473015,3456801
"339FBA","121",-100.428571428571,5.68205194324324,7,929.936019304554,473209,3457723,473043,3456808
"375E07","1",-108.666666666667,1.52752523165195,3,1208.71005621696,473339,3457975,472943,3456833
"375E07","2",-104.8,1.48323969741913,5,1217.57956618859,473339,3457975,472939,3456825
"375E07","3",-105.166666666667,1.64224532179869,12,1227.35528678537,473339,3457975,472938,3456815
"375E07","10",-111,2.82842712474619,2,1318.83774589598,473339,3457975,472956,3456713
"375E07","11",-108.8,1.30384048104053,5,1292.84376472952,473339,3457975,472980,3456733
"375E07","19",-102.666666666667,0.65133894727893,12,1055.42645409332,473339,3457975,472865,3457032
"375E07","20",-104,0,2,1030.64251804396,473339,3457975,472899,3457043
"375E07","24",-104.3,1.49443411809733,10,1009.88118112974,473339,3457975,473065,3457003
"375E07","28",-110,0,4,930.739490942552,473339,3457975,473019,3457101
"375E07","29",-108.125,2.3566016694748,8,953.497246980819,473339,3457975,472940,3457109
"375E07","37",-98.1666666666667,3.56328074910885,12,518.538330309342,473339,3457975,473198,3457476
"375E07","44",-98.2222222222222,4.43784231856478,9,419.41149245103,473339,3457975,473480,3457580
"375E07","45",-101.571428571429,3.82348631736111,7,424.694007492453,473339,3457975,473473,3457572
"375E07","46",-96.5,0.904534033733291,12,437.321392113398,473339,3457975,473450,3457552
"375E07","52",-93.25,0.753778361444409,12,382.005235566216,473339,3457975,473217,3457613
"375E07","55",-91,0.852802865422442,12,307.050484448405,473339,3457975,473265,3457677
"375E07","58",-77.1666666666667,0.834847109936722,12,237.170824512628,473339,3457975,473330,3457738
"375E07","65",-84.75,3.67114052131933,12,119.6411300515,473339,3457975,473372,3457860
"375E07","66",-76,3.33030165163895,12,122.196562963121,473339,3457975,473383,3457861
"375E07","70",-82.4545454545455,1.9679246105294,11,118.962178863704,473339,3457975,473453,3457941
"375E07","71",-39,1.20604537831105,12,1.4142135623731,473339,3457975,473338,3457974
"375E07","80",-89.7,2.71006354989038,10,152.042757144167,473339,3457975,473448,3457869
"375E07","86",-91.3636363636364,0.504524979109513,11,491.109967318929,473339,3457975,473306,3457485
"375E07","88",-93.6666666666667,3.17184584439504,12,450.690581219532,473339,3457975,473300,3457526
"375E07","94",-101.454545454545,1.36847625946791,11,828.84316972513,473339,3457975,473073,3457190
"375E07","96",-101.3,0.674948557710553,10,881.201452563487,473339,3457975,473043,3457145
"375E07","103",-104.75,2.49284690951645,8,1182.55739818412,473339,3457975,472878,3456886
"375E07","107",-106.4,2.70185121722126,5,1082.21485851932,473339,3457975,472969,3456958
"375E07","108",-105.636363636364,1.02691063610494,11,1067.18695644203,473339,3457975,472961,3456977
"375E07","114",-100,1.15470053837925,10,855.51972507944,473339,3457975,472956,3457210
"375E07","118",-106.1,1.10050493461461,10,1221.27965675352,473339,3457975,472957,3456815
"375E07","120",-106.909090909091,1.51357493732854,11,1217.88833642498,473339,3457975,473015,3456801
"3763C0","1",-107.2,1.31656117720877,10,1067.19866941446,473211,3457866,472943,3456833
"3763C0","2",-104.4,0.547722557505166,5,1075.948418838,473211,3457866,472939,3456825
"3763C0","3",-103.25,1.35680105059994,12,1085.87752532226,473211,3457866,472938,3456815
"3763C0","10",-107.5,0.577350269189626,4,1180.86154988635,473211,3457866,472956,3456713
"3763C0","11",-106.75,0.5,4,1156.30878228957,473211,3457866,472980,3456733
"3763C0","19",-101.909090909091,0.700649049745371,11,902.924138563146,473211,3457866,472865,3457032
"3763C0","20",-103.333333333333,0.577350269189626,3,880.155099968182,473211,3457866,472899,3457043
"3763C0","24",-103.454545454545,0.522232967867094,11,875.262817672498,473211,3457866,473065,3457003
"3763C0","28",-108,0.894427190999916,6,788.726188230111,473211,3457866,473019,3457101
"3763C0","29",-105.818181818182,1.40129809949074,11,804.046018583514,473211,3457866,472940,3457109
"3763C0","33",-108,NA,1,792.790640711657,473211,3457866,472877,3457147
"3763C0","37",-99.25,5.52884995439213,12,390.216606514895,473211,3457866,473198,3457476
"3763C0","44",-100.333333333333,0.866025403784439,9,392.628322972248,473211,3457866,473480,3457580
"3763C0","45",-101.285714285714,4.02965199962667,7,393.801980695882,473211,3457866,473473,3457572
"3763C0","46",-97.5833333333333,0.668557923421521,12,394.609933985448,473211,3457866,473450,3457552
"3763C0","52",-89.25,0.452267016866645,12,253.071136244337,473211,3457866,473217,3457613
"3763C0","55",-77.25,0.452267016866645,12,196.562967010574,473211,3457866,473265,3457677
"3763C0","58",-83,1.48323969741913,11,174.771279105006,473211,3457866,473330,3457738
"3763C0","65",-92.8333333333333,0.937436866561092,12,161.111762450791,473211,3457866,473372,3457860
"3763C0","66",-90.0833333333333,0.514928650544437,12,172.072659071684,473211,3457866,473383,3457861
"3763C0","70",-89.5833333333333,9.11001779594443,12,253.355481487968,473211,3457866,473453,3457941
"3763C0","71",-83.5,0.522232967867094,12,166.712327078714,473211,3457866,473338,3457974
"3763C0","80",-97.2727272727273,0.646669790682863,11,237.018986581244,473211,3457866,473448,3457869
"3763C0","86",-89.2,0.421637021355784,10,392.665251836727,473211,3457866,473306,3457485
"3763C0","88",-92.9090909090909,3.70012284808344,11,351.455544841734,473211,3457866,473300,3457526
"3763C0","94",-96,1.49071198499986,10,689.942026550057,473211,3457866,473073,3457190
"3763C0","96",-101.181818181818,1.4709304414677,11,740.314122518273,473211,3457866,473043,3457145
"3763C0","103",-104.777777777778,2.48886408717801,9,1035.03091741262,473211,3457866,472878,3456886
"3763C0","107",-105.1,2.55821118057999,10,939.695695424854,473211,3457866,472969,3456958
"3763C0","108",-101.727272727273,0.467099366496914,11,923.483080516368,473211,3457866,472961,3456977
"3763C0","114",-101.5,0.904534033733291,12,703.81886874394,473211,3457866,472956,3457210
"3763C0","118",-101.545454545455,0.820199532264724,11,1081.25713870476,473211,3457866,472957,3456815
"3763C0","120",-105.8,1.03279555898864,10,1082.88549717872,473211,3457866,473015,3456801
"3763C0","121",-110,NA,1,1071.25533837643,473211,3457866,473043,3456808
"3765C3","1",-98.5833333333333,0.90033663737852,12,362.249913733599,472818,3457173,472943,3456833
"3765C3","2",-104.636363636364,1.36181696807811,11,368.43588316015,472818,3457173,472939,3456825
"3765C3","11",-108,0.707106781186548,5,468.875249933284,472818,3457173,472980,3456733
"3765C3","18",-91.9090909090909,0.831209414593634,11,180.646062785769,472818,3457173,472870,3457000
"3765C3","19",-93.25,1.91287503750007,12,148.627050027914,472818,3457173,472865,3457032
"3765C3","20",-92.6363636363636,1.5015143870591,11,153.169840373358,472818,3457173,472899,3457043
"3765C3","24",-93.3636363636364,1.02691063610494,11,299.848294975976,472818,3457173,473065,3457003
"3765C3","28",-85.8333333333333,0.577350269189626,12,213.506440183897,472818,3457173,473019,3457101
"3765C3","29",-79.1,0.994428926011753,10,137.767920794356,472818,3457173,472940,3457109
"3765C3","33",-67.5,1,12,64.4748012792595,472818,3457173,472877,3457147
"3765C3","37",-95.9166666666667,0.792961461098759,12,486.013374301572,472818,3457173,473198,3457476
"3765C3","45",-108.2,1.09544511501033,5,766.958929800025,472818,3457173,473473,3457572
"3765C3","52",-107.25,0.886405260427918,8,593.970537989891,472818,3457173,473217,3457613
"3765C3","58",-107.857142857143,1.21498579258791,7,762.475573379239,472818,3457173,473330,3457738
"3765C3","65",-107.428571428571,0.534522483824849,7,882.544616435906,472818,3457173,473372,3457860
"3765C3","66",-107,1.49071198499986,10,890.263444155717,472818,3457173,473383,3457861
"3765C3","71",-106.333333333333,0.984731927834662,12,954.987434472308,472818,3457173,473338,3457974
"3765C3","80",-106.909090909091,1.04446593573419,11,938.784320278092,472818,3457173,473448,3457869
"3765C3","86",-107.285714285714,2.98408476836063,7,579.213259516735,472818,3457173,473306,3457485
"3765C3","88",-101.833333333333,0.577350269189626,12,597.438699784338,472818,3457173,473300,3457526
"3765C3","94",-99.7272727272727,2.4936282437809,11,255.566038432339,472818,3457173,473073,3457190
"3765C3","96",-95.9090909090909,1.22102788293679,11,226.73552875542,472818,3457173,473043,3457145
"3765C3","103",-100.545454545455,3.07777960106426,11,293.20470664708,472818,3457173,472878,3456886
"3765C3","107",-97.6363636363636,2.20330330516374,11,262.727996224232,472818,3457173,472969,3456958
"3765C3","108",-107.2,1.98885785202351,10,242.621103781184,472818,3457173,472961,3456977
"3765C3","114",-80.6363636363636,0.924416277737175,11,142.874070425672,472818,3457173,472956,3457210
"3765C3","118",-94.6,2.83627298482435,10,384.037758560275,472818,3457173,472957,3456815
"3765C3","120",-97.3333333333333,1.87487373312218,12,420.942989013952,472818,3457173,473015,3456801
"3765C3","121",-100.545454545455,3.29738188154288,11,428.777331490367,472818,3457173,473043,3456808
"376F3F","2",-108.666666666667,1.15470053837925,3,1176.17388170287,473467,3457876,472939,3456825
"376F3F","19",-109.428571428571,1.2724180205607,7,1036.6966769504,473467,3457876,472865,3457032
"376F3F","24",-110.5,0.707106781186548,2,961.110295439603,473467,3457876,473065,3457003
"376F3F","37",-96.1666666666667,1.40345893053447,12,482.038380214688,473467,3457876,473198,3457476
"376F3F","44",-89,3.43775825476164,12,296.285335445411,473467,3457876,473480,3457580
"376F3F","45",-99.7,3.71333931776897,10,304.059204761178,473467,3457876,473473,3457572
"376F3F","46",-91.6666666666667,1.15470053837925,12,324.445681123975,473467,3457876,473450,3457552
"376F3F","52",-102.333333333333,0.492365963917331,12,362.862232810195,473467,3457876,473217,3457613
"376F3F","55",-105.25,1.28805702866407,12,283.557754258282,473467,3457876,473265,3457677
"376F3F","58",-86.4166666666667,1.08362466945083,12,194.455650470744,473467,3457876,473330,3457738
"376F3F","65",-77.6666666666667,0.492365963917331,12,96.3379468330107,473467,3457876,473372,3457860
"376F3F","66",-76.8333333333333,0.834847109936722,12,85.3287759199674,473467,3457876,473383,3457861
"376F3F","70",-61.75,2.45412454303511,12,66.4906008395172,473467,3457876,473453,3457941
"376F3F","71",-78.1666666666667,0.577350269189626,12,162.003086390352,473467,3457876,473338,3457974
"376F3F","80",-64.9090909090909,1.57826141399614,11,20.2484567313166,473467,3457876,473448,3457869
"376F3F","86",-97.1818181818182,0.873862897505303,11,422.849855149555,473467,3457876,473306,3457485
"376F3F","88",-90.3333333333333,0.887625364598595,12,387.800206291848,473467,3457876,473300,3457526
"376F3F","94",-105.8,1.68654808542314,10,791.095443040851,473467,3457876,473073,3457190
"376F3F","96",-109,0.816496580927726,4,845.066269590735,473467,3457876,473043,3457145
"376F3F","108",-110,1,3,1031.61863108418,473467,3457876,472961,3456977
"376F3F","114",-106.5,0.674199862463242,12,839.45041545049,473467,3457876,472956,3457210
"376F3F","118",-107.5,0.97182531580755,10,1177.20898739349,473467,3457876,472957,3456815
"376F3F","120",-112,NA,1,1166.15993757289,473467,3457876,473015,3456801
"3775FB","1",-79.1818181818182,0.873862897505303,11,165.701538918623,472839,3456962,472943,3456833
"3775FB","2",-87.3333333333333,6.66515134293606,12,169.614268267737,472839,3456962,472939,3456825
"3775FB","3",-77.9090909090909,1.51357493732854,11,177.228665852903,472839,3456962,472938,3456815
"3775FB","10",-94.5,6.69463828882351,12,275.118156434649,472839,3456962,472956,3456713
"3775FB","11",-100.8,4.93963561409139,10,268.92749952357,472839,3456962,472980,3456733
"3775FB","18",-74.8333333333333,1.89896303441131,12,49.0407993409569,472839,3456962,472870,3457000
"3775FB","19",-59.0833333333333,0.514928650544437,12,74.6726188103779,472839,3456962,472865,3457032
"3775FB","20",-81.6666666666667,7.76159933534476,12,100.801785698469,472839,3456962,472899,3457043
"3775FB","24",-96.2727272727273,0.646669790682863,11,229.688920063637,472839,3456962,473065,3457003
"3775FB","29",-95.3636363636364,4.12971493623294,11,178.353581405028,472839,3456962,472940,3457109
"3775FB","33",-89.9166666666667,3.75277674973257,12,188.862383761299,472839,3456962,472877,3457147
"3775FB","37",-102.363636363636,1.20604537831105,11,626.958531324042,472839,3456962,473198,3457476
"3775FB","58",-108.25,1.25830573921179,4,918.290259122898,472839,3456962,473330,3457738
"3775FB","65",-107.5,0.707106781186548,2,1044.2667283793,472839,3456962,473372,3457860
"3775FB","71",-107.636363636364,0.674199862463242,11,1128.33727227279,472839,3456962,473338,3457974
"3775FB","80",-109.5,1.29099444873581,4,1092.48798620397,472839,3456962,473448,3457869
"3775FB","88",-107.125,1.1259916264596,8,728.434623010192,472839,3456962,473300,3457526
"3775FB","94",-104,1.82574185835055,10,326.710881361488,472839,3456962,473073,3457190
"3775FB","96",-96.1818181818182,0.750757193529548,11,274.052914598623,472839,3456962,473043,3457145
"3775FB","103",-74.6363636363636,2.33549683248457,11,85.4224794770089,472839,3456962,472878,3456886
"3775FB","107",-84.8181818181818,5.43724529184001,11,130.061523903113,472839,3456962,472969,3456958
"3775FB","108",-72.7272727272727,0.467099366496914,11,122.918672300021,472839,3456962,472961,3456977
"3775FB","114",-90.5833333333333,0.668557923421521,12,274.213420532256,472839,3456962,472956,3457210
"3775FB","118",-87.1818181818182,4.91565218090503,11,188.501989379423,472839,3456962,472957,3456815
"3775FB","120",-84.2727272727273,3.31936467086426,11,238.53092042752,472839,3456962,473015,3456801
"3775FB","121",-86.7272727272727,2.2401298663653,11,255.601251953115,472839,3456962,473043,3456808
"3777FD","1",-73.25,0.452267016866645,12,184.764715246175,473086,3456716,472943,3456833
"3777FD","2",-79.1666666666667,6.02771377334171,12,183.002732220041,473086,3456716,472939,3456825
"3777FD","3",-81.1666666666667,3.58870281282637,12,178.058978992917,473086,3456716,472938,3456815
"3777FD","10",-93.8181818181818,5.96352549786084,11,130.034610777285,473086,3456716,472956,3456713
"3777FD","11",-80,2.08893187146837,12,107.354552767919,473086,3456716,472980,3456733
"3777FD","18",-82.5833333333333,0.514928650544437,12,356.808071657579,473086,3456716,472870,3457000
"3777FD","19",-92.0833333333333,2.02072594216369,12,385.6124997974,473086,3456716,472865,3457032
"3777FD","20",-91.8333333333333,1.26730446462585,12,376.693509368027,473086,3456716,472899,3457043
"3777FD","24",-82,0.707106781186548,9,287.767267075323,473086,3456716,473065,3457003
"3777FD","28",-84.1666666666667,0.389249472080761,12,390.786386661562,473086,3456716,473019,3457101
"3777FD","29",-87.5454545454545,0.522232967867094,11,419.243366077509,473086,3456716,472940,3457109
"3777FD","33",-95,1.09544511501033,11,479.001043840199,473086,3456716,472877,3457147
"3777FD","37",-101.090909090909,3.9103592022868,11,768.208305083979,473086,3456716,473198,3457476
"3777FD","44",-95.3333333333333,0.492365963917331,12,949.595703444366,473086,3456716,473480,3457580
"3777FD","45",-100,5,11,939.417372630504,473086,3456716,473473,3457572
"3777FD","46",-101.25,1.81533868615599,12,911.80699712165,473086,3456716,473450,3457552
"3777FD","52",-101.75,0.866025403784439,12,906.51530599323,473086,3456716,473217,3457613
"3777FD","55",-97.5,0.522232967867094,12,977.528516208095,473086,3456716,473265,3457677
"3777FD","58",-95.9166666666667,0.514928650544437,12,1050.72356021934,473086,3456716,473330,3457738
"3777FD","65",-105.714285714286,1.70433620649269,7,1179.20820892665,473086,3456716,473372,3457860
"3777FD","66",-107.666666666667,5.5075705472861,3,1182.89221825152,473086,3456716,473383,3457861
"3777FD","70",-103,1,3,1278.79396307615,473086,3456716,473453,3457941
"3777FD","71",-104.833333333333,1.58592292219752,12,1282.99181603002,473086,3456716,473338,3457974
"3777FD","80",-102.272727272727,0.467099366496914,11,1208.49203555505,473086,3456716,473448,3457869
"3777FD","86",-98.4545454545455,0.820199532264724,11,799.850611051839,473086,3456716,473306,3457485
"3777FD","88",-95.5,2.15322168769582,12,837.792337038242,473086,3456716,473300,3457526
"3777FD","94",-86.0909090909091,0.539359889970594,11,474.17823653137,473086,3456716,473073,3457190
"3777FD","96",-88,1.63299316185545,10,431.14962600007,473086,3456716,473043,3457145
"3777FD","103",-93.1818181818182,7.62650879260205,11,268.633579434887,473086,3456716,472878,3456886
"3777FD","107",-81.5,0.707106781186548,10,268.799181546373,473086,3456716,472969,3456958
"3777FD","108",-88.2727272727273,0.786245393106896,11,289.38901153983,473086,3456716,472961,3456977
"3777FD","114",-107,2.08166599946613,7,510.818950314101,473086,3456716,472956,3457210
"3777FD","118",-87.0909090909091,5.66488385502378,11,162.609962794412,473086,3456716,472957,3456815
"3777FD","120",-66.9090909090909,1.92117388356939,11,110.751975151687,473086,3456716,473015,3456801
"3777FD","121",-78.5,9.61769203083567,10,101.552941857929,473086,3456716,473043,3456808
"377990","1",-90.1818181818182,0.603022689155527,11,275.007272631107,472941,3457108,472943,3456833
"377990","2",-97.7272727272727,7.52450542017094,11,283.00706704957,472941,3457108,472939,3456825
"377990","3",-86.75,0.753778361444409,12,293.015357959271,472941,3457108,472938,3456815
"377990","10",-95.25,3.99106144134257,8,395.284707521047,472941,3457108,472956,3456713
"377990","11",-95.25,3.3878123807662,12,377.022545744946,472941,3457108,472980,3456733
"377990","18",-101.583333333333,1.88092498199125,12,129.247823966208,472941,3457108,472870,3457000
"377990","19",-76.5454545454545,0.522232967867094,11,107.480230740355,472941,3457108,472865,3457032
"377990","20",-92.0909090909091,10.2416262913128,11,77.3886296557834,472941,3457108,472899,3457043
"377990","24",-81.5454545454545,1.12815214963553,11,162.483845350853,472941,3457108,473065,3457003
"377990","28",-86.5,0.849836585598797,10,78.3134726595622,472941,3457108,473019,3457101
"377990","29",-39.0909090909091,1.51357493732854,11,1.4142135623731,472941,3457108,472940,3457109
"377990","33",-60.9090909090909,0.539359889970594,11,74.9466476902069,472941,3457108,472877,3457147
"377990","37",-96.3333333333333,0.887625364598595,12,448.857438392192,472941,3457108,473198,3457476
"377990","44",-107.2,3.11448230047949,5,716.453068944505,472941,3457108,473480,3457580
"377990","45",-106.875,1.1259916264596,8,705.917842245116,472941,3457108,473473,3457572
"377990","52",-108,1.4142135623731,2,575.500651606929,472941,3457108,473217,3457613
"377990","58",-107.857142857143,1.4638501094228,7,740.419475702794,472941,3457108,473330,3457738
"377990","65",-109.25,1.5,4,866.755444170961,472941,3457108,473372,3457860
"377990","66",-108,NA,1,873.139736811926,472941,3457108,473383,3457861
"377990","71",-103.833333333333,0.937436866561092,12,952.662059704279,472941,3457108,473338,3457974
"377990","80",-105.363636363636,0.504524979109513,11,914.423315538269,472941,3457108,473448,3457869
"377990","86",-108,2.64575131106459,3,524.7418412896,472941,3457108,473306,3457485
"377990","88",-103.416666666667,0.792961461098759,12,551.00362975211,472941,3457108,473300,3457526
"377990","94",-97.7777777777778,3.66666666666667,9,155.396267651446,472941,3457108,473073,3457190
"377990","96",-83.0909090909091,0.539359889970594,11,108.503456166152,472941,3457108,473043,3457145
"377990","103",-78.9090909090909,3.08073190831482,11,230.766115363586,472941,3457108,472878,3456886
"377990","107",-71.7,0.483045891539648,10,152.5909564817,472941,3457108,472969,3456958
"377990","108",-78.6,0.516397779494322,10,132.517923316056,472941,3457108,472961,3456977
"377990","114",-73.6666666666667,1.6143297699233,12,103.097041664638,472941,3457108,472956,3457210
"377990","118",-86.8181818181818,1.32801971507819,11,293.436534875942,472941,3457108,472957,3456815
"377990","120",-82.4545454545455,0.687551650952329,11,315.792653492763,472941,3457108,473015,3456801
"377990","121",-92.5555555555556,5.65930894878321,9,316.865902236261,472941,3457108,473043,3456808
"377A13","3",-108.5,1.30930734141595,8,827.88525775013,473201,3457600,472938,3456815
"377A13","10",-108.4,1.67332005306815,5,920.214105521101,473201,3457600,472956,3456713
"377A13","11",-106.545454545455,2.20742548520381,11,894.723420951972,473201,3457600,472980,3456733
"377A13","18",-109,NA,1,685.245211584875,473201,3457600,472870,3457000
"377A13","19",-111,NA,1,659.939391156491,473201,3457600,472865,3457032
"377A13","20",-109,NA,1,633.603188123292,473201,3457600,472899,3457043
"377A13","24",-102.454545454545,0.820199532264724,11,612.294863607396,473201,3457600,473065,3457003
"377A13","28",-110,NA,1,531.154403163525,473201,3457600,473019,3457101
"377A13","29",-110,0,2,556.059349350409,473201,3457600,472940,3457109
"377A13","37",-86.9090909090909,3.33030165163895,11,124.036285013701,473201,3457600,473198,3457476
"377A13","44",-100.909090909091,5.1856445202992,11,279.715927326279,473201,3457600,473480,3457580
"377A13","45",-99,3.90803368367358,12,273.437378571402,473201,3457600,473473,3457572
"377A13","46",-93.25,1.76454990398015,12,253.58430550805,473201,3457600,473450,3457552
"377A13","52",-76.9090909090909,5.88989890328426,11,20.6155281280883,473201,3457600,473217,3457613
"377A13","55",-85.4166666666667,1.56427928995103,12,100.124921972504,473201,3457600,473265,3457677
"377A13","58",-92.3333333333333,3.42008328801649,12,188.904737897174,473201,3457600,473330,3457738
"377A13","65",-96.4166666666667,0.792961461098759,12,311.192866242142,473201,3457600,473372,3457860
"377A13","66",-96.9090909090909,1.44599761096244,11,318.190194694934,473201,3457600,473383,3457861
"377A13","70",-107.714285714286,3.14718316987777,7,424.01061307472,473201,3457600,473453,3457941
"377A13","71",-100.636363636364,1.12006493318265,11,398.302648748411,473201,3457600,473338,3457974
"377A13","80",-102.416666666667,1.44337567297406,12,365.198576119897,473201,3457600,473448,3457869
"377A13","86",-69,1.4142135623731,12,155.724115023974,473201,3457600,473306,3457485
"377A13","88",-77.9090909090909,7.38179579038252,11,123.600161812192,473201,3457600,473300,3457526
"377A13","94",-95.7,1.49443411809733,10,429.516006686596,473201,3457600,473073,3457190
"377A13","96",-107.090909090909,1.300349603341,11,481.652364262857,473201,3457600,473043,3457145
"377A13","103",-107.833333333333,1.11464085804543,12,783.661278869895,473201,3457600,472878,3456886
"377A13","107",-107,0,2,682.633137197426,473201,3457600,472969,3456958
"377A13","108",-106.2,1.03279555898864,10,667.629388208758,473201,3457600,472961,3456977
"377A13","114",-99.3636363636364,0.80903983495589,11,460.570298651574,473201,3457600,472956,3457210
"377A13","118",-104.285714285714,1.70433620649269,7,822.046835648675,473201,3457600,472957,3456815
"377A22","2",-108,NA,1,750.286611902412,473312,3457476,472939,3456825
"377A22","3",-106.833333333333,1.47196014438797,6,759.471526786884,473312,3457476,472938,3456815
"377A22","10",-111,NA,1,841.9649636416,473312,3457476,472956,3456713
"377A22","11",-107.272727272727,1.27207775634268,11,813.801572866507,473312,3457476,472980,3456733
"377A22","19",-101.5,0.522232967867094,12,630.035713273462,473312,3457476,472865,3457032
"377A22","20",-104.333333333333,0.577350269189626,3,598.379478257736,473312,3457476,472899,3457043
"377A22","24",-103.2,0.632455532033676,10,533.608470697383,473312,3457476,473065,3457003
"377A22","29",-107,2.82842712474619,2,522.563871694169,473312,3457476,472940,3457109
"377A22","33",-102,1.54919333848297,11,545.404437092329,473312,3457476,472877,3457147
"377A22","37",-94.6666666666667,2.57022578892606,12,114,473312,3457476,473198,3457476
"377A22","44",-89.25,3.2508740083525,12,197.585424563655,473312,3457476,473480,3457580
"377A22","45",-82,1.70560573084488,12,187.448659637779,473312,3457476,473473,3457572
"377A22","46",-97.4166666666667,4.33711955802536,12,157.543644746464,473312,3457476,473450,3457552
"377A22","52",-71.9090909090909,0.539359889970594,11,166.715326230074,473312,3457476,473217,3457613
"377A22","55",-75.5,0.522232967867094,12,206.421898063166,473312,3457476,473265,3457677
"377A22","58",-79.9166666666667,0.514928650544437,12,262.617592708486,473312,3457476,473330,3457738
"377A22","65",-103.5,3.56682242650545,10,388.65923377684,473312,3457476,473372,3457860
"377A22","66",-103.222222222222,5.26255113461565,9,391.492017798575,473312,3457476,473383,3457861
"377A22","70",-97.6666666666667,4.76095228569523,6,485.907398585368,473312,3457476,473453,3457941
"377A22","71",-99.9166666666667,0.996204919895622,12,498.678252984828,473312,3457476,473338,3457974
"377A22","80",-93,0.447213595499958,11,415.866565138387,473312,3457476,473448,3457869
"377A22","86",-48.7,0.483045891539648,10,10.816653826392,473312,3457476,473306,3457485
"377A22","88",-69.6666666666667,6.28610781924328,12,51.4198405287298,473312,3457476,473300,3457526
"377A22","94",-91.2,1.93218356615859,10,372.715709354999,473312,3457476,473073,3457190
"377A22","96",-92.7272727272727,0.646669790682863,11,426.523152947176,473312,3457476,473043,3457145
"377A22","103",-106.5,1.0690449676497,8,732.43156676921,473312,3457476,472878,3456886
"377A22","107",-105.142857142857,3.62530786869986,7,621.267253281549,473312,3457476,472969,3456958
"377A22","108",-101,1,11,610.083600828608,473312,3457476,472961,3456977
"377A22","114",-95.9166666666667,0.288675134594813,12,444.400720071424,473312,3457476,472956,3457210
"377A22","118",-101.545454545455,0.687551650952329,11,750.297274418613,473312,3457476,472957,3456815
"377A22","120",-103.545454545455,1.69491217257039,11,737.451015322374,473312,3457476,473015,3456801
"377A22","121",-103,0.816496580927726,4,720.128460762384,473312,3457476,473043,3456808
"377C9F","2",-108.875,2.3566016694748,8,937.776625855006,473487,3457586,472939,3456825
"377C9F","10",-107.714285714286,2.56347977784662,7,1021.80722252292,473487,3457586,472956,3456713
"377C9F","11",-108.8,0.836660026534076,5,992.299349994748,473487,3457586,472980,3456733
"377C9F","20",-108,0,3,800.370539187944,473487,3457586,472899,3457043
"377C9F","24",-103.090909090909,1.13618180363404,11,719.703411135448,473487,3457586,473065,3457003
"377C9F","37",-99.7272727272727,0.786245393106896,11,309.22645423702,473487,3457586,473198,3457476
"377C9F","44",-48.0833333333333,2.35326980770986,12,9.21954445729289,473487,3457586,473480,3457580
"377C9F","45",-53.9166666666667,2.06522432562458,12,19.7989898732233,473487,3457586,473473,3457572
"377C9F","46",-76.9090909090909,3.78033187576291,11,50.2493781056044,473487,3457586,473450,3457552
"377C9F","52",-106,0.942809041582063,10,271.346641770264,473487,3457586,473217,3457613
"377C9F","55",-89.5,0.797724035217466,12,239.927072253216,473487,3457586,473265,3457677
"377C9F","58",-92.5,2.87623491264661,12,218.524598157736,473487,3457586,473330,3457738
"377C9F","65",-105.833333333333,1.32916013582513,6,297.154841791279,473487,3457586,473372,3457860
"377C9F","66",-103.545454545455,3.47458303580836,11,294.008503278392,473487,3457586,473383,3457861
"377C9F","70",-95.6363636363636,2.83805310988809,11,356.624452330459,473487,3457586,473453,3457941
"377C9F","71",-107.833333333333,1.47196014438797,6,415.626033833301,473487,3457586,473338,3457974
"377C9F","80",-91.1818181818182,0.603022689155527,11,285.674640106538,473487,3457586,473448,3457869
"377C9F","86",-101,1.69967317119759,10,207.272767145132,473487,3457586,473306,3457485
"377C9F","88",-102.083333333333,0.668557923421521,12,196.389918274844,473487,3457586,473300,3457526
"377C9F","94",-107.428571428571,0.975900072948533,7,572.897896662224,473487,3457586,473073,3457190
"377C9F","96",-104.090909090909,0.700649049745371,11,625.793096797975,473487,3457586,473043,3457145
"377C9F","103",-108,1.4142135623731,6,927.836731327231,473487,3457586,472878,3456886
"377C9F","108",-105.9,1.10050493461461,10,804.709264268779,473487,3457586,472961,3456977
"377C9F","114",-107.888888888889,1.26929551764398,9,650.643527594027,473487,3457586,472956,3457210
"377C9F","118",-102.454545454545,0.687551650952329,11,935.596601105412,473487,3457586,472957,3456815
"377C9F","120",-105,1.18321595661992,11,915.974344618887,473487,3457586,473015,3456801
"377C9F","121",-105.333333333333,1.52752523165195,3,895.778990599802,473487,3457586,473043,3456808
"377D0E","118",-111,NA,1,1175.54795733734,473210,3457963,472957,3456815
"377D96","37",-105.727272727273,1.1037127426019,11,412.332390190244,473365,3457853,473198,3457476
"377D96","44",-96.8,4.66190232987922,10,296.233016390814,473365,3457853,473480,3457580
"377D96","45",-102.8,5.20256347070045,10,301.039864469807,473365,3457853,473473,3457572
"377D96","46",-96.9166666666667,0.792961461098759,12,312.771482075972,473365,3457853,473450,3457552
"377D96","52",-92.7272727272727,0.904534033733291,11,281.964536777234,473365,3457853,473217,3457613
"377D96","55",-86.0833333333333,0.90033663737852,12,202.42529486208,473365,3457853,473265,3457677
"377D96","58",-78,0.426401432711221,12,120.208152801713,473365,3457853,473330,3457738
"377D96","65",-44.0833333333333,1.67648622440092,12,9.89949493661167,473365,3457853,473372,3457860
"377D96","66",-47.0909090909091,0.943879807448539,11,19.6977156035922,473365,3457853,473383,3457861
"377D96","70",-77,2.60768096208106,11,124.450793488832,473365,3457853,473453,3457941
"377D96","71",-92.6666666666667,1.87487373312218,12,123.97580409096,473365,3457853,473338,3457974
"377D96","80",-69.7272727272727,1.55505042303516,11,84.5281018360166,473365,3457853,473448,3457869
"377D96","86",-105.181818181818,1.16774841624228,11,372.699610946939,473365,3457853,473306,3457485
"377D96","88",-100.181818181818,0.603022689155527,11,333.397660459698,473365,3457853,473300,3457526
"377D96","94",-105.3,1.05934990547138,10,724.453587195205,473365,3457853,473073,3457190
"377D96","96",-109.5,0.707106781186548,2,777.784031720888,473365,3457853,473043,3457145
"377D96","114",-104.545454545455,2.06705763652765,11,762.056428356851,473365,3457853,472956,3457210
"377E04","1",-70.8333333333333,1.52752523165195,12,107.018689956474,473050,3456831,472943,3456833
"377E04","2",-66.5,0.797724035217466,12,111.162043881893,473050,3456831,472939,3456825
"377E04","3",-74.4166666666667,3.82475984589724,12,113.137084989848,473050,3456831,472938,3456815
"377E04","10",-86.5,1.88293774338254,12,150.864177325169,473050,3456831,472956,3456713
"377E04","11",-84.0833333333333,0.90033663737852,12,120.432553738597,473050,3456831,472980,3456733
"377E04","18",-78.3333333333333,0.492365963917331,12,246.902814888774,473050,3456831,472870,3457000
"377E04","19",-98,4.07430975749267,11,273.177597910224,473050,3456831,472865,3457032
"377E04","20",-89.4545454545455,3.20510955705531,11,260.278696784812,473050,3456831,472899,3457043
"377E04","24",-79.4,0.843274042711568,10,172.652830848498,473050,3456831,473065,3457003
"377E04","28",-91.0833333333333,0.288675134594813,12,271.773803005367,473050,3456831,473019,3457101
"377E04","29",-86.6,0.699205898780101,10,298.971570554794,473050,3456831,472940,3457109
"377E04","33",-87.9166666666667,0.514928650544437,12,360.256852814766,473050,3456831,472877,3457147
"377E04","44",-109,NA,1,863.655602656522,473050,3456831,473480,3457580
"377E04","94",-91.1,0.737864787372622,10,359.736014321613,473050,3456831,473073,3457190
"377E04","96",-89.5454545454545,1.03572548135463,11,314.078015785887,473050,3456831,473043,3457145
"377E04","103",-83.4,4.11501316320292,10,180.579622327659,473050,3456831,472878,3456886
"377E04","107",-70.7272727272727,1.00904995821903,11,150.632001911944,473050,3456831,472969,3456958
"377E04","108",-79.9,0.994428926011753,10,170.988303693557,473050,3456831,472961,3456977
"377E04","114",-108.5,2.12132034355964,2,390.483034202512,473050,3456831,472956,3457210
"377E04","118",-60.4545454545455,1.57249078621379,11,94.3663075467086,473050,3456831,472957,3456815
"377E04","120",-69.9,2.28278582243519,10,46.0977222864644,473050,3456831,473015,3456801
"377E04","121",-70.7272727272727,1.55505042303516,11,24.0416305603426,473050,3456831,473043,3456808
"37832D","1",-104,1.54919333848297,11,682.432414236018,473198,3457466,472943,3456833
"37832D","2",-102.909090909091,4.98907898222799,11,691.347958700971,473198,3457466,472939,3456825
"37832D","3",-97.5833333333333,2.31431644466797,12,701,473198,3457466,472938,3456815
"37832D","10",-102.555555555556,2.65099562009781,9,790.931729038607,473198,3457466,472956,3456713
"37832D","11",-101.583333333333,1.37895436890245,12,764.73067154391,473198,3457466,472980,3456733
"37832D","19",-90.6666666666667,0.778498944161523,12,547.032905774415,473198,3457466,472865,3457032
"37832D","20",-103.142857142857,7.64697263472222,7,518.005791473416,473198,3457466,472899,3457043
"37832D","24",-93.5454545454545,0.687551650952329,11,481.723987362058,473198,3457466,473065,3457003
"37832D","28",-100.333333333333,0.984731927834662,12,406.529211742527,473198,3457466,473019,3457101
"37832D","29",-100.875,4.58062690656452,8,440.469068153486,473198,3457466,472940,3457109
"37832D","33",-92.5833333333333,3.08834563931546,12,452.550549662687,473198,3457466,472877,3457147
"37832D","37",-52.1666666666667,6.5897073094518,12,10,473198,3457466,473198,3457476
"37832D","44",-92.5454545454545,5.64559361561982,11,304.171004535278,473198,3457466,473480,3457580
"37832D","45",-84.8181818181818,1.07871977994119,11,294.721902816876,473198,3457466,473473,3457572
"37832D","46",-94.6666666666667,5.44949260913066,12,266.270539113887,473198,3457466,473450,3457552
"37832D","52",-80.1666666666667,0.577350269189626,12,148.222805262888,473198,3457466,473217,3457613
"37832D","55",-80,0,11,221.382022757043,473198,3457466,473265,3457677
"37832D","58",-80.5833333333333,0.792961461098759,12,302.33755969115,473198,3457466,473330,3457738
"37832D","65",-92.1666666666667,1.74945879077104,12,430.711040025677,473198,3457466,473372,3457860
"37832D","66",-95.2727272727273,2.00454030096225,11,436.176569751288,473198,3457466,473383,3457861
"37832D","70",-102.166666666667,5.70672118354022,6,539.119652767361,473198,3457466,473453,3457941
"37832D","71",-95.6666666666667,0.492365963917331,12,526.938326562037,473198,3457466,473338,3457974
"37832D","80",-87.6363636363636,0.504524979109513,11,474.245716902114,473198,3457466,473448,3457869
"37832D","86",-75.6363636363636,1.68954001270922,11,109.658560997307,473198,3457466,473306,3457485
"37832D","88",-64.4166666666667,0.996204919895622,12,118.338497539896,473198,3457466,473300,3457526
"37832D","94",-80.5454545454545,1.43969693780576,11,302.986798392273,473198,3457466,473073,3457190
"37832D","96",-92.4,0.699205898780101,10,356.463181829484,473198,3457466,473043,3457145
"37832D","103",-95.1818181818182,1.94000937204859,11,662.419806467168,473198,3457466,472878,3456886
"37832D","107",-101.636363636364,4.03169262897675,11,557.22975512799,473198,3457466,472969,3456958
"37832D","108",-90.1,0.316227766016838,10,543.405925620985,473198,3457466,472961,3456977
"37832D","114",-83.75,0.621581560508061,12,352.278299076171,473198,3457466,472956,3457210
"37832D","118",-90.9090909090909,0.539359889970594,11,694.177210804273,473198,3457466,472957,3456815
"37832D","120",-98.2,0.632455532033676,10,689.720233138046,473198,3457466,473015,3456801
"37832D","121",-107,1.4142135623731,4,676.009615316232,473198,3457466,473043,3456808
"3787FC","1",-111,0,2,975.770977227751,473320,3457733,472943,3456833
"3787FC","2",-106.1,3.6040101122068,10,984.695384370212,473320,3457733,472939,3456825
"3787FC","3",-104.090909090909,2.02259958738973,11,994.307799426314,473320,3457733,472938,3456815
"3787FC","10",-108.75,0.957427107756338,4,1083.0032317588,473320,3457733,472956,3456713
"3787FC","11",-106.166666666667,1.52752523165195,12,1056.21967412087,473320,3457733,472980,3456733
"3787FC","19",-105.583333333333,1.56427928995103,12,835.718852246376,473320,3457733,472865,3457032
"3787FC","20",-104.333333333333,0.577350269189626,3,808.295119371631,473320,3457733,472899,3457043
"3787FC","24",-103.636363636364,1.02691063610494,11,773.256102465412,473320,3457733,473065,3457003
"3787FC","29",-111,0,2,730.599753627114,473320,3457733,472940,3457109
"3787FC","33",-111,1.73205080756888,3,734.605336218027,473320,3457733,472877,3457147
"3787FC","37",-85.5833333333333,1.72986249234563,12,284.487258062642,473320,3457733,473198,3457476
"3787FC","44",-89.6363636363636,1.91168654714769,11,221.379764206216,473320,3457733,473480,3457580
"3787FC","45",-89.2727272727273,3.82337309429538,11,222.103579439864,473320,3457733,473473,3457572
"3787FC","46",-83.2727272727273,1.1037127426019,11,222.84748147556,473320,3457733,473450,3457552
"3787FC","52",-83.1666666666667,0.389249472080761,12,158.142340946377,473320,3457733,473217,3457613
"3787FC","55",-85,1.82574185835055,10,78.4920378127616,473320,3457733,473265,3457677
"3787FC","58",-57.25,1.76454990398015,12,11.1803398874989,473320,3457733,473330,3457738
"3787FC","65",-69.5,1.78376517003169,12,137.233377864133,473320,3457733,473372,3457860
"3787FC","66",-75.5833333333333,3.14666730867996,12,142.663940783928,473320,3457733,473383,3457861
"3787FC","70",-93.8181818181818,7.22243977916302,11,246.886613650882,473320,3457733,473453,3457941
"3787FC","71",-79.9090909090909,0.301511344577764,11,241.671264324081,473320,3457733,473338,3457974
"3787FC","80",-77.4545454545455,0.687551650952329,11,186.76188047886,473320,3457733,473448,3457869
"3787FC","86",-78.6363636363636,0.674199862463242,11,248.394846967484,473320,3457733,473306,3457485
"3787FC","88",-83.2727272727273,5.38685268205673,11,207.963939181773,473320,3457733,473300,3457526
"3787FC","94",-95.6363636363636,1.6292775867069,11,596.538347468124,473320,3457733,473073,3457190
"3787FC","96",-105.363636363636,1.20604537831105,11,649.979230437404,473320,3457733,473043,3457145
"3787FC","103",-103.727272727273,2.2401298663653,11,955.391542771863,473320,3457733,472878,3456886
"3787FC","107",-109.25,1.16496474502144,8,850.779642445681,473320,3457733,472969,3456958
"3787FC","108",-100.363636363636,0.924416277737175,11,836.909194596403,473320,3457733,472961,3456977
"3787FC","114",-96.9090909090909,0.539359889970594,11,637.200910231616,473320,3457733,472956,3457210
"3787FC","118",-100.090909090909,0.301511344577764,11,987.164120093513,473320,3457733,472957,3456815
"3787FC","120",-104.8,0.918936583472681,10,980.637037848357,473320,3457733,473015,3456801
"3787FC","121",-107.666666666667,1.52752523165195,3,965.584796897714,473320,3457733,473043,3456808
"37899C","1",-89.5833333333333,0.514928650544437,12,289.746440875466,472800,3457085,472943,3456833
"37899C","2",-98.5833333333333,2.53908835942542,12,294.823676118456,472800,3457085,472939,3456825
"37899C","3",-92.5,2.19503572139084,12,303.222690443839,472800,3457085,472938,3456815
"37899C","10",-101.166666666667,4.91596040125088,6,403.385671535319,472800,3457085,472956,3456713
"37899C","11",-103.166666666667,2.48327740429189,6,395.353006817958,472800,3457085,472980,3456733
"37899C","18",-77.25,0.452267016866645,12,110.113577727726,472800,3457085,472870,3457000
"37899C","19",-84.4166666666667,0.90033663737852,12,83.868945385047,472800,3457085,472865,3457032
"37899C","20",-88.4545454545455,2.76996882161646,11,107.54068997361,472800,3457085,472899,3457043
"37899C","28",-94,0.426401432711221,12,219.583697026897,472800,3457085,473019,3457101
"37899C","29",-86.2727272727273,2.86673713796396,11,142.042247236518,472800,3457085,472940,3457109
"37899C","33",-77.25,3.41454109787698,12,98.8584847142621,472800,3457085,472877,3457147
"37899C","37",-95.9166666666667,0.792961461098759,12,557.929206978807,472800,3457085,473198,3457476
"37899C","44",-109.5,0.707106781186548,2,841.085608009078,472800,3457085,473480,3457580
"37899C","45",-107.636363636364,1.56669890360128,11,830.721373265429,472800,3457085,473473,3457572
"37899C","52",-106.3,0.948683298050514,10,672.8097799527,472800,3457085,473217,3457613
"37899C","58",-107.333333333333,0.707106781186548,9,841.016646684238,472800,3457085,473330,3457738
"37899C","65",-106.363636363636,1.2862913567872,11,963.22842566029,472800,3457085,473372,3457860
"37899C","66",-108,NA,1,970.600329692917,472800,3457085,473383,3457861
"37899C","70",-109,0,2,1076.63596447453,472800,3457085,473453,3457941
"37899C","71",-105.166666666667,0.834847109936722,12,1039.11741396245,472800,3457085,473338,3457974
"37899C","80",-107.090909090909,0.831209414593634,11,1017.13322627864,472800,3457085,473448,3457869
"37899C","86",-106,1.84390889145858,11,645.008527075418,472800,3457085,473306,3457485
"37899C","88",-100,0.738548945875996,12,666.694082769601,472800,3457085,473300,3457526
"37899C","94",-107.571428571429,2.8784916685157,7,292.496153820866,472800,3457085,473073,3457190
"37899C","96",-92.1818181818182,1.25045446283996,11,250.297822603394,472800,3457085,473043,3457145
"37899C","103",-88.7272727272727,6.00151496025644,11,213.740496864773,472800,3457085,472878,3456886
"37899C","107",-94.5,4.55216676124922,10,211.400094607358,472800,3457085,472969,3456958
"37899C","108",-100.090909090909,0.943879807448539,11,193.868512141606,472800,3457085,472961,3456977
"37899C","114",-81.5454545454545,0.522232967867094,11,199.902476222782,472800,3457085,472956,3457210
"37899C","118",-94.2727272727273,2.5725827135744,11,312.328352859615,472800,3457085,472957,3456815
"37899C","120",-92.4,1.57762127549323,10,356.203593468679,472800,3457085,473015,3456801
"37899C","121",-99.8181818181818,2.99393325971645,11,368.480664350248,472800,3457085,473043,3456808
"378CBC","1",-95.8181818181818,0.750757193529548,11,125.143917151414,472937,3456708,472943,3456833
"378CBC","2",-96.7272727272727,7.05819961592061,11,117.017092768535,472937,3456708,472939,3456825
"378CBC","3",-88,0.603022689155527,12,107.004672795163,472937,3456708,472938,3456815
"378CBC","10",-83.2727272727273,3.9772077916777,11,19.6468827043885,472937,3456708,472956,3456713
"378CBC","11",-98.8333333333333,4.04145188432738,12,49.7393204617835,472937,3456708,472980,3456733
"378CBC","18",-100.75,0.753778361444409,12,299.58805049601,472937,3456708,472870,3457000
"378CBC","19",-101.583333333333,1.08362466945083,12,331.903600462544,472937,3456708,472865,3457032
"378CBC","20",-105.666666666667,1.6143297699233,12,337.148335306583,472937,3456708,472899,3457043
"378CBC","24",-102.818181818182,0.750757193529548,11,321.57269784607,472937,3456708,473065,3457003
"378CBC","28",-110.75,1.25830573921179,4,401.463572444624,472937,3456708,473019,3457101
"378CBC","29",-108.25,1.70782512765993,4,401.011221788119,472937,3456708,472940,3457109
"378CBC","33",-108.333333333333,1.15470053837925,3,443.081256656158,472937,3456708,472877,3457147
"378CBC","94",-106.727272727273,2.00454030096225,11,500.819328700481,472937,3456708,473073,3457190
"378CBC","96",-104.777777777778,1.48136573621926,9,449.672102759333,472937,3456708,473043,3457145
"378CBC","103",-99,4.58257569495584,9,187.523331881662,472937,3456708,472878,3456886
"378CBC","107",-101.818181818182,1.53741222957161,11,252.039679415762,472937,3456708,472969,3456958
"378CBC","108",-99.7272727272727,0.467099366496914,11,270.068509826673,472937,3456708,472961,3456977
"378CBC","118",-89.8888888888889,0.600925212577332,9,108.853112036358,472937,3456708,472957,3456815
"378CBC","120",-93.2727272727273,3.5239440713754,11,121.379569944863,472937,3456708,473015,3456801
"378CBC","121",-104.1,3.17804971641414,10,145.725769855575,472937,3456708,473043,3456808
"378E5C","1",-89.4545454545455,0.687551650952329,11,125.323581180878,472818,3456842,472943,3456833
"378E5C","2",-87.6666666666667,1.23091490979333,12,122.188379152847,472818,3456842,472939,3456825
"378E5C","3",-88.5833333333333,2.19330938551907,12,123,472818,3456842,472938,3456815
"378E5C","10",-94,4.91934955049954,11,188.904737897174,472818,3456842,472956,3456713
"378E5C","11",-93.6666666666667,1.49747261825525,12,195.256241897666,472818,3456842,472980,3456733
"378E5C","18",-82.4545454545455,1.43969693780576,11,166.337007307454,472818,3456842,472870,3457000
"378E5C","19",-66.0833333333333,0.288675134594813,12,195.726850483014,472818,3456842,472865,3457032
"378E5C","20",-87.1666666666667,9.74057430949469,12,216.707175700298,472818,3456842,472899,3457043
"378E5C","24",-91.7272727272727,1.79392915639994,11,294.838939083697,472818,3456842,473065,3457003
"378E5C","28",-106.333333333333,0.707106781186548,9,327.844475323285,472818,3456842,473019,3457101
"378E5C","29",-88.1818181818182,2.71360210119987,11,293.552380334413,472818,3456842,472940,3457109
"378E5C","33",-89.5,3.03015151136345,12,310.654148531772,472818,3456842,472877,3457147
"378E5C","37",-93.9090909090909,2.02259958738973,11,739.158981545919,472818,3456842,473198,3457476
"378E5C","44",-102.25,1.48477117918737,12,991.407080870416,472818,3456842,473480,3457580
"378E5C","45",-102.363636363636,2.69342634102837,11,980.777752602495,472818,3456842,473473,3457572
"378E5C","46",-108.333333333333,0.577350269189626,3,950.538794579159,472818,3456842,473450,3457552
"378E5C","52",-107.4,1.83787316694536,10,868.125566954458,472818,3456842,473217,3457613
"378E5C","55",-108.125,0.991031208965115,8,947.118788748275,472818,3456842,473265,3457677
"378E5C","58",-106.166666666667,1.46680440124618,12,1031.96899178221,472818,3456842,473330,3457738
"378E5C","65",-105.7,1.33749350984926,10,1158.98231220325,472818,3456842,473372,3457860
"378E5C","66",-107,2.64575131106459,3,1165.15492532109,472818,3456842,473383,3457861
"378E5C","70",-110,0,2,1269.261990292,472818,3456842,473453,3457941
"378E5C","71",-102.454545454545,0.820199532264724,11,1245.72228044617,472818,3456842,473338,3457974
"378E5C","80",-102.272727272727,0.467099366496914,11,1204.83567344265,472818,3456842,473448,3457869
"378E5C","86",-105,2.40831891575846,11,807.213106930258,472818,3456842,473306,3457485
"378E5C","88",-96.75,0.621581560508061,12,836.767590194553,472818,3456842,473300,3457526
"378E5C","94",-97.7272727272727,2.53341307689485,11,431.426702928783,472818,3456842,473073,3457190
"378E5C","96",-84.9090909090909,0.539359889970594,11,377.404292503411,472818,3456842,473043,3457145
"378E5C","103",-58,0.447213595499958,11,74.4043009509531,472818,3456842,472878,3456886
"378E5C","107",-95.5454545454545,11.5270433014163,11,190.412709659833,472818,3456842,472969,3456958
"378E5C","108",-80,1,11,196.657061912355,472818,3456842,472961,3456977
"378E5C","114",-88.6666666666667,1.07308673997732,12,393.024172284606,472818,3456842,472956,3457210
"378E5C","118",-86.4545454545455,3.01209682326569,11,141.598022585063,472818,3456842,472957,3456815
"378E5C","120",-95.2727272727273,3.16515115250154,11,201.221271241387,472818,3456842,473015,3456801
"378E5C","121",-89.5,0.707106781186548,10,227.554389102913,472818,3456842,473043,3456808
"378EEC","2",-104.916666666667,2.31431644466797,12,820.071338360267,473453,3457464,472939,3456825
"378EEC","3",-104.375,2.13390989232709,8,828.508298087593,473453,3457464,472938,3456815
"378EEC","10",-102.333333333333,2.18812220588311,12,900.560936305812,473453,3457464,472956,3456713
"378EEC","11",-101.666666666667,0.65133894727893,12,870.683639446613,473453,3457464,472980,3456733
"378EEC","19",-103.916666666667,1.08362466945083,12,729.635525450892,473453,3457464,472865,3457032
"378EEC","20",-106,1,3,695.813911904613,473453,3457464,472899,3457043
"378EEC","24",-97,1.09544511501033,11,602.548753214211,473453,3457464,473065,3457003
"378EEC","28",-104,0.738548945875996,12,565.795899596312,473453,3457464,473019,3457101
"378EEC","29",-109.5,0.707106781186548,2,623.854149621528,473453,3457464,472940,3457109
"378EEC","33",-102.181818181818,0.981649817214043,11,657.46863043038,473453,3457464,472877,3457147
"378EEC","37",-87.8333333333333,0.834847109936722,12,255.282196794058,473453,3457464,473198,3457476
"378EEC","44",-73.0833333333333,1.44337567297406,12,119.100797646363,473453,3457464,473480,3457580
"378EEC","45",-89.75,6.28309420009542,12,109.836241741968,473453,3457464,473473,3457572
"378EEC","46",-70.4166666666667,0.90033663737852,12,88.0511215147201,473453,3457464,473450,3457552
"378EEC","52",-107.6,1.83787316694536,10,279.100340379585,473453,3457464,473217,3457613
"378EEC","55",-96.2727272727273,0.467099366496914,11,284.100334389103,473453,3457464,473265,3457677
"378EEC","58",-91.6363636363636,1.02691063610494,11,300.341472327749,473453,3457464,473330,3457738
"378EEC","65",-107.875,1.5526475085203,8,404.199208311941,473453,3457464,473372,3457860
"378EEC","66",-104.75,2.49284690951645,8,403.124050386478,473453,3457464,473383,3457861
"378EEC","70",-102.454545454545,4.15604707296817,11,477,473453,3457464,473453,3457941
"378EEC","80",-96.8181818181818,0.404519917477945,11,405.030863021573,473453,3457464,473448,3457869
"378EEC","86",-86.9090909090909,3.14498157242759,11,148.492424049175,473453,3457464,473306,3457485
"378EEC","88",-91.8333333333333,3.01008406204977,12,165.084826680104,473453,3457464,473300,3457526
"378EEC","94",-101.666666666667,3.04138126514911,9,468.48265709629,473453,3457464,473073,3457190
"378EEC","96",-96,0,10,519.481472239386,473453,3457464,473043,3457145
"378EEC","103",-103,1.18321595661992,11,815.296878443675,473453,3457464,472878,3456886
"378EEC","107",-104.375,5.65527566588428,8,700.20854036494,473453,3457464,472969,3456958
"378EEC","108",-97.8181818181818,0.404519917477945,11,692.26656715459,473453,3457464,472961,3456977
"378EEC","114",-97.5,0.674199862463242,12,558.144246588639,473453,3457464,472956,3457210
"378EEC","118",-95.8,0.421637021355784,10,816.833520369971,473453,3457464,472957,3456815
"378EEC","120",-101.363636363636,1.56669890360128,11,794.615001116893,473453,3457464,473015,3456801
"378EEC","121",-104.555555555556,3.64386851817924,9,773.586452828642,473453,3457464,473043,3456808
"3790DC","1",-36.1666666666667,0.937436866561092,12,4.24264068711928,472946,3456836,472943,3456833
"3790DC","2",-51.5833333333333,3.42340429539033,12,13.0384048104053,472946,3456836,472939,3456825
"3790DC","3",-55.0909090909091,1.81408629643385,11,22.4722050542442,472946,3456836,472938,3456815
"3790DC","10",-83.25,7.37471108833178,12,123.405834546021,472946,3456836,472956,3456713
"3790DC","11",-82.3333333333333,7.65545952938559,12,108.466584716216,472946,3456836,472980,3456733
"3790DC","18",-70.1818181818182,0.404519917477945,11,180.75397644312,472946,3456836,472870,3457000
"3790DC","19",-76.6666666666667,1.37068883368468,12,212.077815907275,472946,3456836,472865,3457032
"3790DC","20",-78,1.12815214963553,12,212.268697645225,472946,3456836,472899,3457043
"3790DC","24",-82.9090909090909,1.13618180363404,11,205.060966544099,472946,3456836,473065,3457003
"3790DC","28",-89.6666666666667,0.492365963917331,12,274.870878777654,472946,3456836,473019,3457101
"3790DC","29",-89,0.774596669241483,11,273.065926105767,472946,3456836,472940,3457109
"3790DC","33",-87.5833333333333,1.37895436890245,12,318.562395772006,472946,3456836,472877,3457147
"3790DC","37",-99.25,2.56284642891099,12,687.82555928084,472946,3456836,473198,3457476
"3790DC","44",-107,0.953462589245592,12,915.801288490031,472946,3456836,473480,3457580
"3790DC","45",-105.571428571429,1.39727626201154,7,905.220967499096,472946,3456836,473473,3457572
"3790DC","52",-108,2.96647939483827,6,822.903396517477,472946,3456836,473217,3457613
"3790DC","55",-105.916666666667,1.08362466945083,12,899.467620317708,472946,3456836,473265,3457677
"3790DC","58",-104,0.426401432711221,12,980.336676861577,472946,3456836,473330,3457738
"3790DC","65",-107.857142857143,2.11570094204982,7,1109.07709380367,472946,3456836,473372,3457860
"3790DC","71",-108.363636363636,1.5015143870591,11,1203.62286452194,472946,3456836,473338,3457974
"3790DC","80",-113,NA,1,1148.51774039411,472946,3456836,473448,3457869
"3790DC","86",-105.636363636364,1.74772579501061,11,742.159686320943,472946,3456836,473306,3457485
"3790DC","88",-101.166666666667,1.6966991126266,12,775.510154672394,472946,3456836,473300,3457526
"3790DC","94",-85.3636363636364,1.56669890360128,11,376.09174412635,472946,3456836,473073,3457190
"3790DC","96",-84.8181818181818,0.981649817214043,11,323.867256758074,472946,3456836,473043,3457145
"3790DC","103",-78.7272727272727,8.41535393303109,11,84.4037913840368,472946,3456836,472878,3456886
"3790DC","107",-71.2727272727273,1.67874411932904,11,124.149103903331,472946,3456836,472969,3456958
"3790DC","108",-70.7,0.483045891539648,10,141.795627577158,472946,3456836,472961,3456977
"3790DC","114",-97.0833333333333,2.35326980770986,12,374.13366595376,472946,3456836,472956,3457210
"3790DC","118",-58.2727272727273,4.00227208197816,11,23.7065391822594,472946,3456836,472957,3456815
"3790DC","120",-74.9090909090909,5.55795907603763,11,77.3692445355388,472946,3456836,473015,3456801
"3790DC","121",-69.9090909090909,1.04446593573419,11,100.960388271837,472946,3456836,473043,3456808
"37A395","2",-108.5,0.707106781186548,2,1263.29410669092,473453,3457979,472939,3456825
"37A395","3",-109,0.816496580927726,4,1272.83973853742,473453,3457979,472938,3456815
"37A395","10",-111,0,2,1360.06066041188,473453,3457979,472956,3456713
"37A395","11",-108.75,0.957427107756338,4,1332.75841771868,473453,3457979,472980,3456733
"37A395","19",-107.5,0.52704627669473,10,1114.69861397599,473453,3457979,472865,3457032
"37A395","20",-110,NA,1,1087.66355092004,473453,3457979,472899,3457043
"37A395","24",-106.181818181818,1.25045446283996,11,1050.29519659951,473453,3457979,473065,3457003
"37A395","37",-98.0833333333333,1.83195540504146,12,563.945032782451,473453,3457979,473198,3457476
"37A395","44",-91.75,3.19445542378438,12,399.912490427593,473453,3457979,473480,3457580
"37A395","45",-101.909090909091,2.62505411199638,11,407.49110419738,473453,3457979,473473,3457572
"37A395","46",-96,1.4142135623731,12,427.010538511639,473453,3457979,473450,3457552
"37A395","52",-95.4,0.516397779494322,10,435.490528025582,473453,3457979,473217,3457613
"37A395","55",-95.6666666666667,0.778498944161523,12,355.735857062512,473453,3457979,473265,3457677
"37A395","58",-88.7272727272727,1.00904995821903,11,270.573465070025,473453,3457979,473330,3457738
"37A395","65",-76.0833333333333,1.37895436890245,12,143.951380681117,473453,3457979,473372,3457860
"37A395","66",-75.4545454545455,2.65945995885016,11,137.20058308914,473453,3457979,473383,3457861
"37A395","70",-60,5.39359889970594,12,38,473453,3457979,473453,3457941
"37A395","71",-72.1666666666667,0.389249472080761,12,115.108644332213,473453,3457979,473338,3457974
"37A395","80",-70.3,0.674948557710553,10,110.113577727726,473453,3457979,473448,3457869
"37A395","86",-96.4545454545455,0.687551650952329,11,515.407605686994,473453,3457979,473306,3457485
"37A395","88",-98.2727272727273,2.90141031537799,11,478.140146818901,473453,3457979,473300,3457526
"37A395","94",-103.5,1.84089350286454,10,875.740258295803,473453,3457979,473073,3457190
"37A395","96",-108.444444444444,0.726483157256779,9,929.330942129874,473453,3457979,473043,3457145
"37A395","103",-107.142857142857,0.899735410842437,7,1235.01983789735,473453,3457979,472878,3456886
"37A395","107",-108.333333333333,0.577350269189626,3,1129.91017342088,473453,3457979,472969,3456958
"37A395","108",-106.6,1.42984070596848,10,1116.27415987292,473453,3457979,472961,3456977
"37A395","114",-106.833333333333,1.02985730108887,12,915.625469283156,473453,3457979,472956,3457210
"37A395","118",-106.909090909091,1.04446593573419,11,1265.27151236405,473453,3457979,472957,3456815
"37A395","120",-108.285714285714,0.951189731211342,7,1256.79274345454,473453,3457979,473015,3456801
"37A831","1",-101.5,3.80788655293195,10,192.093727122985,473063,3456983,472943,3456833
"37A831","2",-80.75,2.00567377026456,12,200.848201386022,473063,3456983,472939,3456825
"37A831","3",-89.0833333333333,3.57919069911147,12,209.401528170164,473063,3456983,472938,3456815
"37A831","10",-93.0833333333333,3.91868097783688,12,290.42899304305,473063,3456983,472956,3456713
"37A831","11",-87,1.53741222957161,12,263.417918904542,473063,3456983,472980,3456733
"37A831","18",-75.75,0.452267016866645,12,193.747258045114,473063,3456983,472870,3457000
"37A831","19",-87.4166666666667,2.57464325272219,12,203.973037433873,473063,3456983,472865,3457032
"37A831","20",-79.8333333333333,5.99747421584261,12,174.631039623545,473063,3456983,472899,3457043
"37A831","24",-54.4545454545455,0.522232967867094,11,20.0997512422418,473063,3456983,473065,3457003
"37A831","28",-86.25,0.753778361444409,12,125.936491931449,473063,3456983,473019,3457101
"37A831","29",-81.8181818181818,0.404519917477945,11,176.08236708995,473063,3456983,472940,3457109
"37A831","33",-89.8,0.421637021355784,10,247.975805271401,473063,3456983,472877,3457147
"37A831","37",-96.75,2.45412454303511,12,511.149684534775,473063,3456983,473198,3457476
"37A831","44",-97.25,1.05528970602217,12,728.215627407158,473063,3456983,473480,3457580
"37A831","45",-98.25,3.67114052131933,12,717.649635964514,473063,3456983,473473,3457572
"37A831","46",-106.375,2.66926956300783,8,688.135161142054,473063,3456983,473450,3457552
"37A831","52",-103.25,1.05528970602217,12,648.549150026426,473063,3456983,473217,3457613
"37A831","55",-105,0.774596669241483,11,722.800110680678,473063,3456983,473265,3457677
"37A831","58",-102.916666666667,0.90033663737852,12,800.820828899948,473063,3456983,473330,3457738
"37A831","65",-107.2,1.47572957474524,10,929.844072949868,473063,3456983,473372,3457860
"37A831","66",-108,NA,1,934.496655959774,473063,3456983,473383,3457861
"37A831","70",-106.333333333333,0.577350269189626,3,1034.3423031086,473063,3456983,473453,3457941
"37A831","71",-106.583333333333,0.792961461098759,12,1028.44834581033,473063,3456983,473338,3457974
"37A831","80",-102.777777777778,0.833333333333333,9,966.033643306484,473063,3456983,473448,3457869
"37A831","86",-96.3,0.674948557710553,10,557.721256543087,473063,3456983,473306,3457485
"37A831","88",-92.75,1.95982373975546,12,592.467720639699,473063,3456983,473300,3457526
"37A831","94",-88.8181818181818,0.873862897505303,11,207.24140512938,473063,3456983,473073,3457190
"37A831","96",-92.9090909090909,1.92117388356939,11,163.229899221926,473063,3456983,473043,3457145
"37A831","103",-78.9,0.316227766016838,10,208.887529546404,473063,3456983,472878,3456886
"37A831","107",-71.4,2.11869981094276,10,97.2676719162127,473063,3456983,472969,3456958
"37A831","108",-69.3636363636364,18.4568292362081,11,102.176318195558,473063,3456983,472961,3456977
"37A831","114",-96.6666666666667,1.07308673997732,12,250.954179084549,473063,3456983,472956,3457210
"37A831","118",-75.4545454545455,0.687551650952329,11,198.645412733343,473063,3456983,472957,3456815
"37A831","120",-84.3636363636364,0.504524979109513,11,188.223271674891,473063,3456983,473015,3456801
"37A831","121",-92.3636363636364,2.33549683248457,11,176.139149538085,473063,3456983,473043,3456808
"37A87B","1",-73.5,1.44599761096244,12,1.4142135623731,472944,3456834,472943,3456833
"37A87B","2",-69.6666666666667,4.03018910752638,12,10.295630140987,472944,3456834,472939,3456825
"37A87B","3",-63.4166666666667,2.50302846870576,12,19.9248588451713,472944,3456834,472938,3456815
"37A87B","10",-70.6666666666667,5.26279105579632,12,121.593585357123,472944,3456834,472956,3456713
"37A87B","11",-77.1818181818182,0.873862897505303,11,107.224064463161,472944,3456834,472980,3456733
"37A87B","18",-90.9166666666667,0.514928650544437,12,181.747077005381,472944,3456834,472870,3457000
"37A87B","19",-87.9166666666667,0.668557923421521,12,213.178329105001,472944,3456834,472865,3457032
"37A87B","20",-90.5833333333333,2.77843426585856,12,213.789616211826,472944,3456834,472899,3457043
"37A87B","24",-81.5454545454545,0.820199532264724,11,207.850908104824,472944,3456834,473065,3457003
"37A87B","28",-95.5833333333333,0.514928650544437,12,277.33373397407,472944,3456834,473019,3457101
"37A87B","29",-94.4545454545455,1.69491217257039,11,275.029089370561,472944,3456834,472940,3457109
"37A87B","33",-96.4166666666667,2.23437334445796,12,320.090612170991,472944,3456834,472877,3457147
"37A87B","37",-97.5,1.97714210644832,12,690.4201619304,472944,3456834,473198,3457476
"37A87B","44",-101.4,0.966091783079296,10,918.592401449087,472944,3456834,473480,3457580
"37A87B","45",-102.916666666667,3.34278961710761,12,908.011563803017,472944,3456834,473473,3457572
"37A87B","46",-106.571428571429,1.71824938596845,7,878.384881472809,472944,3456834,473450,3457552
"37A87B","52",-105.545454545455,1.29333958136573,11,825.451391663979,472944,3456834,473217,3457613
"37A87B","55",-103.25,0.753778361444409,12,902.047670580663,472944,3456834,473265,3457677
"37A87B","58",-98.75,1.05528970602217,12,982.960833400802,472944,3456834,473330,3457738
"37A87B","65",-105.25,1.95982373975546,12,1111.69240350018,472944,3456834,473372,3457860
"37A87B","66",-108.166666666667,2.71416039810964,6,1116.8930118861,472944,3456834,473383,3457861
"37A87B","70",-108.666666666667,1.15470053837925,3,1218.41290209846,472944,3456834,473453,3457941
"37A87B","71",-104.416666666667,0.668557923421521,12,1206.16582607865,472944,3456834,473338,3457974
"37A87B","80",-102.727272727273,0.786245393106896,11,1151.19112227293,472944,3456834,473448,3457869
"37A87B","86",-101.181818181818,1.60113596038449,11,744.879184834695,472944,3456834,473306,3457485
"37A87B","88",-94.9166666666667,1.31137217055151,12,778.203058333749,472944,3456834,473300,3457526
"37A87B","94",-87,1.58113883008419,9,378.651554862779,472944,3456834,473073,3457190
"37A87B","96",-83.9090909090909,0.831209414593634,11,326.377082528783,472944,3456834,473043,3457145
"37A87B","103",-84,5.54977477020464,11,84.0238061504,472944,3456834,472878,3456886
"37A87B","107",-80.6363636363636,3.04212844149379,11,126.495059192049,472944,3456834,472969,3456958
"37A87B","108",-83,0.447213595499958,11,144.006944277004,472944,3456834,472961,3456977
"37A87B","114",-101.5,1.56669890360128,12,376.191440625647,472944,3456834,472956,3457210
"37A91B","1",-92.8333333333333,1.02985730108887,12,400.524655920207,473081,3457209,472943,3456833
"37A91B","2",-94.0909090909091,5.1856445202992,11,409.414215678938,473081,3457209,472939,3456825
"37A91B","3",-88.6666666666667,1.23091490979333,12,419.147945241295,473081,3457209,472938,3456815
"37A91B","10",-98.9166666666667,5.29937103186155,12,511.50855320317,473081,3457209,472956,3456713
"37A91B","11",-92.75,1.76454990398015,12,486.597369495562,473081,3457209,472980,3456733
"37A91B","18",-105.166666666667,1.99240983979124,12,296.98821525441,473081,3457209,472870,3457000
"37A91B","19",-89.1818181818182,0.981649817214043,11,279.257945276406,473081,3457209,472865,3457032
"37A91B","20",-94.3333333333333,3.47283832917774,12,246.333107803235,473081,3457209,472899,3457043
"37A91B","24",-80,0.816496580927726,10,206.620424934226,473081,3457209,473065,3457003
"37A91B","28",-85.4166666666667,0.668557923421521,12,124.531120608465,473081,3457209,473019,3457101
"37A91B","29",-95,2.86356421265527,11,172.861216008681,473081,3457209,472940,3457109
"37A91B","33",-82.8333333333333,2.03752672412294,12,213.213508014854,473081,3457209,472877,3457147
"37A91B","37",-85.3333333333333,2.22928171609085,12,291.509862611885,473081,3457209,473198,3457476
"37A91B","44",-95.5833333333333,1.78164037455442,12,544.832084224121,473081,3457209,473480,3457580
"37A91B","45",-94.8333333333333,2.72474630456533,12,534.2593003402,473081,3457209,473473,3457572
"37A91B","46",-106.75,3.77491721763537,4,503.795593470209,473081,3457209,473450,3457552
"37A91B","52",-98.7272727272727,1.67874411932904,11,426.276905309213,473081,3457209,473217,3457613
"37A91B","55",-96.8333333333333,0.389249472080761,12,502.871753034509,473081,3457209,473265,3457677
"37A91B","58",-93.6666666666667,0.492365963917331,12,584.672557933071,473081,3457209,473330,3457738
"37A91B","65",-104.083333333333,1.67648622440092,12,713.079238233732,473081,3457209,473372,3457860
"37A91B","66",-105.555555555556,3.2829526005987,9,718.545753588455,473081,3457209,473383,3457861
"37A91B","70",-104,1,3,821.101698938688,473081,3457209,473453,3457941
"37A91B","71",-106.909090909091,0.943879807448539,11,807.015489318514,473081,3457209,473338,3457974
"37A91B","86",-90.8181818181818,1.60113596038449,11,356.091280432419,473081,3457209,473306,3457485
"37A91B","88",-86.8333333333333,1.40345893053447,12,385.29209698617,473081,3457209,473300,3457526
"37A91B","94",-49.4444444444444,0.881917103688197,9,20.6155281280883,473081,3457209,473073,3457190
"37A91B","96",-69.5,0.52704627669473,10,74.4311762637136,473081,3457209,473043,3457145
"37A91B","103",-98.0909090909091,2.80907619884351,11,381.494429841381,473081,3457209,472878,3456886
"37A91B","107",-87.1818181818182,3.02714987465708,11,274.854506966868,473081,3457209,472969,3456958
"37A91B","108",-84,0,11,261.197243477032,473081,3457209,472961,3456977
"37A91B","114",-80.7272727272727,0.646669790682863,11,125.003999936002,473081,3457209,472956,3457210
"37A91B","118",-84.9,0.316227766016838,10,413.052054830865,473081,3457209,472957,3456815
"37A91B","120",-91.1818181818182,0.404519917477945,11,413.303762383069,473081,3457209,473015,3456801
"37A91B","121",-100.090909090909,3.11302250086778,11,402.796474661832,473081,3457209,473043,3456808
"37AA11","1",-83.25,0.753778361444409,12,125.027996864702,472959,3456957,472943,3456833
"37AA11","2",-85.75,2.89592189749027,12,133.506554146229,472959,3456957,472939,3456825
"37AA11","3",-84.0833333333333,0.668557923421521,12,143.544418212622,472959,3456957,472938,3456815
"37AA11","10",-97.4166666666667,6.78847061813877,12,244.018441926015,472959,3456957,472956,3456713
"37AA11","11",-93,4.02266307087956,12,224.982221519835,472959,3456957,472980,3456733
"37AA11","18",-64.5,0.522232967867094,12,98.8433103452125,472959,3456957,472870,3457000
"37AA11","19",-84.6666666666667,5.08711980189064,12,120.253898065718,472959,3456957,472865,3457032
"37AA11","20",-77.5,2.50454132981017,12,104.861813831347,472959,3456957,472899,3457043
"37AA11","24",-83.8181818181818,2.31595258233764,11,115.550854605234,472959,3456957,473065,3457003
"37AA11","29",-83.0909090909091,0.943879807448539,11,153.182897217672,472959,3456957,472940,3457109
"37AA11","33",-86.8181818181818,1.07871977994119,11,206.939604715965,472959,3456957,472877,3457147
"37AA11","37",-108,0,4,571.386034131042,472959,3456957,473198,3457476
"37AA11","86",-108.5,1.22474487139159,6,631.817220404762,472959,3456957,473306,3457485
"37AA11","88",-109,3.46410161513775,3,663.356616006805,472959,3456957,473300,3457526
"37AA11","94",-93,1.26491106406735,11,259.393523434954,472959,3456957,473073,3457190
"37AA11","96",-92.3636363636364,0.80903983495589,11,205.91260281974,472959,3456957,473043,3457145
"37AA11","103",-79.0909090909091,1.51357493732854,11,107.712580509428,472959,3456957,472878,3456886
"37AA11","107",-54.6363636363636,3.58532361922121,11,10.0498756211209,472959,3456957,472969,3456958
"37AA11","108",-55.5454545454545,0.522232967867094,11,20.0997512422418,472959,3456957,472961,3456977
"37AA11","114",-100.166666666667,1.58592292219752,12,253.017785936088,472959,3456957,472956,3457210
"37AA11","118",-76.9090909090909,0.831209414593634,11,142.014083808614,472959,3456957,472957,3456815
"37AA11","120",-71.4,0.699205898780101,10,165.746794840805,472959,3456957,473015,3456801
"37AA11","121",-83.9090909090909,4.86733079735794,11,171.046777227751,472959,3456957,473043,3456808
"37AD60","1",-93,0.738548945875996,12,380.69541631073,472966,3457213,472943,3456833
"37AD60","2",-99.1111111111111,9.14391114956347,9,388.938298448481,472966,3457213,472939,3456825
"37AD60","3",-87.25,0.753778361444409,12,398.983708940603,472966,3457213,472938,3456815
"37AD60","10",-95.75,4.02669662555869,8,500.099990002,472966,3457213,472956,3456713
"37AD60","11",-96.9090909090909,2.98176274893042,11,480.204123264264,472966,3457213,472980,3456733
"37AD60","18",-95.5,1.78376517003169,12,233.63432966925,472966,3457213,472870,3457000
"37AD60","19",-88.6666666666667,0.65133894727893,12,207.272767145132,472966,3457213,472865,3457032
"37AD60","20",-93.6666666666667,5.95945899517326,12,182.726571685675,472966,3457213,472899,3457043
"37AD60","24",-76.6363636363636,0.504524979109513,11,232.16588896735,472966,3457213,473065,3457003
"37AD60","28",-70.1818181818182,0.404519917477945,11,123.907223356833,472966,3457213,473019,3457101
"37AD60","29",-71.0909090909091,1.64039906452945,11,107.200746266059,472966,3457213,472940,3457109
"37AD60","33",-84,2.23606797749979,11,110.801624536827,472966,3457213,472877,3457147
"37AD60","37",-94.9166666666667,1.44337567297406,12,350.703578538914,472966,3457213,473198,3457476
"37AD60","44",-113,NA,1,631.573431993462,472966,3457213,473480,3457580
"37AD60","45",-109,NA,1,621.232645632858,472966,3457213,473473,3457572
"37AD60","52",-101.833333333333,1.40345893053447,12,472.229816932391,472966,3457213,473217,3457613
"37AD60","55",-101.090909090909,0.700649049745371,11,551.993659383874,472966,3457213,473265,3457677
"37AD60","58",-102,0.953462589245592,12,638.84348630944,472966,3457213,473330,3457738
"37AD60","65",-107.083333333333,1.37895436890245,12,763.835715321037,472966,3457213,473372,3457860
"37AD60","66",-108,3.36650164612069,4,770.5796519504,472966,3457213,473383,3457861
"37AD60","70",-108.75,1.5,4,875.872707646494,472966,3457213,473453,3457941
"37AD60","71",-106.333333333333,1.07308673997732,12,847.056668706409,472966,3457213,473338,3457974
"37AD60","80",-108.333333333333,0.577350269189626,3,814.039311090073,472966,3457213,473448,3457869
"37AD60","86",-108.5,0.547722557505166,6,435.412448145434,472966,3457213,473306,3457485
"37AD60","88",-94.5454545454545,0.934198732993827,11,457.739008606433,472966,3457213,473300,3457526
"37AD60","94",-78.6363636363636,1.02691063610494,11,109.444049632678,472966,3457213,473073,3457190
"37AD60","96",-92.8181818181818,4.57860637788797,11,102.727795654341,472966,3457213,473043,3457145
"37AD60","103",-87.8888888888889,3.65528536657688,9,338.634020736252,472966,3457213,472878,3456886
"37AD60","107",-87.7272727272727,2.61116483933547,11,255.017646448241,472966,3457213,472969,3456958
"37AD60","108",-85.0909090909091,0.301511344577764,11,236.052960159368,472966,3457213,472961,3456977
"37AD60","114",-54.1818181818182,1.07871977994119,11,10.4403065089106,472966,3457213,472956,3457210
"37AD60","118",-88.0909090909091,1.64039906452945,11,398.101745788687,472966,3457213,472957,3456815
"37AD60","120",-91,1.78885438199983,11,414.903603262252,472966,3457213,473015,3456801
"37AD60","121",-104.2,2.85968141193696,10,412.254775593928,472966,3457213,473043,3456808
